{
    "hardware": {
        "motherboardName": "ASUS PRIME H310M-E R2.0",
        "CPUInfo": {
            "type": "Desktop",
            "cpuName": "i3-9100F",
            "cpuGeneration": "Coffee Lake"
        },
        "dGPUName": "NVIDIA GeForce GTX 1060 6 GB GP106",
        "WiFiCardName": "None",
        "ethernetName": "Realtek RTL8168/8111",
        "codec": {
            "codecName": "ALC887",
            "layoutID": "1 2 3 5 7 11 12 13 17 18 20 33 40 50 52 53 87 99"
        },
        "touchpad": "None",
        "storageController": "SATA",
        "macVersion": 17,
        "ocVersion": "Mod"
    },
    "config": {
        "SSDTs": [
            "SSDT-AWAC.aml",
            "SSDT-EC-USBX.aml",
            "SSDT-MCHC.aml",
            "SSDT-PLUG.aml",
            "SSDT-PMCR.aml",
            "SSDT-SMBUS.aml"
        ],
        "BridgeMode": false,
        "Patches": [
            [
                "Fix Bug SKL+",
                "A00A935354415301",
                "A00A910AFF0BFFFF"
            ]
        ],
        "Quirks": {
            "DevirtualiseMmio": false,
            "EnableWriteUnprotector": true,
            "ProtectUefiServices": false,
            "RebuildAppleMemoryMap": false,
            "ResizeAppleGpuBars": -1,
            "SetupVirtualMap": true,
            "SyncRuntimePermissions": true
        },
        "DeviceProperties": {},
        "Kexts": [
            "Lilu",
            "VirtualSMC",
            "WhateverGreen",
            "USBInjectAll",
            "AppleALC",
            "RealtekRTL8111",
            "RestrictEvents"
        ],
        "Bootargs": "-v debug=0x100 keepsyms=1 nvda_drv_vrl=1 shikigva=40 alcid=1",
        "PlatformInfo": {
            "MLB": "F5K112300GUK3F7FB",
            "ROM": "112233445566",
            "SystemProductName": "MacPro7,1",
            "SystemSerialNumber": "F5KFGCYVP7QM",
            "SystemUUID": "6DAA87CE-7F8B-41E9-B84B-DD1ADB181FB7"
        }
    }
}